Nom_structure,Statut_structure,Domaine,SIRET,Categorie_produits,Activite_structure,Position_chaine,Adresse,Ville,Departement,Zone_intervention,Site_internet,Presentation,Certifications,Latitude,Longitude,Source
ALT ECO,Entreprise conventionnelle,Informatique,80107166300034,Matériel informatique et téléphonie;Matériel de reprographie et d'impression,Reconditionnement;Réparation;Distribution,Je collecte et je vends,14 avenue Barthélémy Thimonnier (siège LM Eco Production),Caluire‑et‑Cuire,69 - Rhône,"Nationale, y compris DROM COM",https://www.alt-eco.fr,"Reconditionneur français de produits high‑tech, spécialiste du matériel informatique bureautique, qui reconditionne et distribue en grande distribution et via des revendeurs des équipements pour prolonger la durée de vie du numérique.",Label Service France Garanti,45.75466,4.79668,SPARE — vérifié 12/03/2026
ALTYSIS,Entreprise conventionnelle,Informatique,45203256800035,Matériel informatique et téléphonie,Collecte,Je collecte et je vends,"1 rue de Terre Neuve, Miniparc du Verger – Bât C",Les Ulis,91 - Essonne,"Nationale, y compris DROM COM",http://altisys.paris,"Société spécialisée dans l’allongement de la durée de vie des équipements électriques et électroniques via la reprise de parcs téléphoniques et informatiques, avec effacement systématique des données et certificats DEEE",N.C. publiquement,48.68293,2.17576,SPARE — vérifié 12/03/2026
ATELIER DU BOCAGE,Secteur du handicap,Informatique,38525318200096,Matériel informatique et téléphonie;Matériel de reprographie et d'impression;Consommables d'impression,Reconditionnement;Collecte;Distribution,Je collecte et je vends,16 ZAE La Boujalière,La Boujalière,79 - Deux-Sèvres,"Nationale, y compris DROM COM",https://ateliers-du-bocage.fr,"Coopérative d’utilité sociale et environnementale, membre d’Emmaüs, spécialisée dans le tri et le réemploi (informatique, téléphonie, cartouches, livres), avec un fort ancrage d’insertion et de numérique responsable","ISO 14001 (management environnemental) ; ancrage ESS / IAE (coopérative d’intérêt collectif, entreprise d’insertion et entreprise adaptée)",46.34949,-0.42366,SPARE — vérifié 12/03/2026
Groupe ATF,Secteur du handicap,Informatique,80863776300018,Matériel informatique et téléphonie,Reconditionnement;Réparation;Collecte;Distribution,Je collecte et je vends,165 rue de l’Industrie,Moissy‑Cramayel,77 - Seine-et-Marne,"Nationale, y compris DROM COM",https://www.groupe-atf.com,"Groupe spécialisé depuis plus de 25 ans dans la gestion du cycle de vie des matériels informatiques et de téléphonie professionnels, acteur majeur de l’économie sociale, solidaire et circulaire, intervenant du rachat à la revente en passant par le reconditionnement et le recyclage",N.C. publiquement,48.54018,2.63851,SPARE — vérifié 12/03/2026
Atoutek,Entreprise conventionnelle,Informatique,80467515500019,Matériel informatique et téléphonie,Reconditionnement;Réparation;Collecte;Distribution,Je collecte et je vends,97 rue Lamarck,Paris,75 - Paris,"Nationale, y compris DROM COM",https://atoutek.fr/,Acteur de la reprise et du reconditionnement de matériel informatique ; site opérationnel mentionné à Mitry-Mory pour les reprises de parc.,Ecovadis (silver 2024),48.86438,2.33393,SPARE — vérifié 12/03/2026
AVEGOTT,Entreprise conventionnelle,Informatique,80078314400010,Matériel informatique et téléphonie,Reconditionnement;Réparation;Collecte;Distribution,Je collecte et je vends,1 rue de l’Octant – Sud Galaxie,Échirolles,38 - Isère,"Nationale, y compris DROM COM",https://avegott.fr,"Reconditionneur français de smartphones et tablettes, basé en région grenobloise, collectant et reconditionnant en France des terminaux mobiles pour leur donner une seconde vie dans une logique d’économie circulaire.",Label Service France Garanti,45.14245,5.7137,SPARE — vérifié 12/03/2026
AXEGROUP,Entreprise conventionnelle,Informatique,49312471300014,Matériel informatique et téléphonie;Matériel de reprographie et d'impression,Reconditionnement;Collecte,Je collecte,"661 rue de la Libération, Pôle d’activités de Saint-Désir",Saint-Désir,14 - Calvados,"Nationale, y compris DROM COM",https://www.axegroup.fr,"Groupe logistique et de services IT, spécialisé dans le déploiement bureautique et la gestion de parcs informatiques, incluant la réception, la configuration, le déploiement en France et la reprise / valorisation des équipements via le réseau SIRRMIET.",N.C. publiquement,49.1432,-0.40294,SPARE — vérifié 12/03/2026
Back Market,Entreprise conventionnelle,Informatique;Électroménager,80404947600091,Matériel informatique et téléphonie;Gros électroménager,Reconditionnement;Distribution,Je vends,44 rue de Liège,Paris,75 - Paris,"Nationale, y compris DROM COM",https://www.backmarket.fr/fr-fr,"Plateforme de marketplace internationale spécialisée dans la vente de produits technologiques reconditionnés, mettant en relation des reconditionneurs pros et des clients finaux (B2C).",N.C. publiquement,48.83944,2.35844,SPARE — vérifié 12/03/2026
BAK2,Secteur de l'ESS,Informatique,44440043600044,Matériel informatique et téléphonie,Reconditionnement;Réparation;Collecte;Distribution,Je collecte et je vends,198 rue Jean Monnet,Croix,59 - Nord,"Nationale, y compris DROM COM",https://bak2.com/,"Spécialiste français du reconditionnement technologique éco‑responsable et solidaire, actif depuis 2002 dans l’informatique et la téléphonie mobile, avec ses propres centres de traitement en Hauts‑de‑France (Croix).","ISO 9001, ISO 14001, EcoVadis Argent (2023), démarche ESS / solidaire inscrite dans offre numérique responsable.",50.69222,3.15335,SPARE — vérifié 12/03/2026
"BESTINFO, une marque de NOVAHE",Entreprise conventionnelle,Informatique,42345850400143,Matériel informatique et téléphonie;Matériel de reprographie et d'impression,Reconditionnement;Collecte;Distribution,Je collecte,"BESTINFO, UNE MARQUE DE NOVAHE
7 RUE ALPHONSE BEAU DE ROCHAS",Cormeilles‑en‑Parisis,95 - Val-d'Oise,"Nationale, y compris DROM COM",https://bestinfo.fr/,"Intégrateur de matériel informatique neuf et reconditionné, spécialiste du rachat, reconditionnement, reprise et recyclage de parcs informatiques pour les professionnels.",N.C. publiquement,49.0181,2.04002,SPARE — vérifié 12/03/2026
Codeo,Entreprise conventionnelle,Informatique,48182093400034,Matériel informatique et téléphonie,Reconditionnement;Collecte;Distribution,Je collecte et je vends,608 chemin de la Morelle,Curis-au-Mont-d’Or,69 - Rhône,"Nationale, y compris DROM COM",https://codeo.com/,"Codeo se positionne explicitement sur l’accompagnement des acheteurs du service public et B2B pour l’achat responsable, la fourniture de pièces et la reprise de parcs.",N.C. publiquement,45.76064,4.78698,SPARE — vérifié 12/03/2026
Copieur System,Entreprise conventionnelle,Informatique,44346893900048,Matériel informatique et téléphonie;Matériel de reprographie et d'impression,Reconditionnement;Collecte;Distribution,Je collecte et je vends,800 Impasse des Quatre Mollards,Janneyrias,38 - Isère,"Nationale, y compris DROM COM",https://www.copieursystem.com/,Acteur spécialisé dans la reprise imprimantes scanners périphériques bureautiques reconditionnés),ISO 14001,45.14938,5.72408,SPARE — vérifié 12/03/2026
Cordon Group,Entreprise conventionnelle,Informatique;Électroménager,90869992900018,Matériel informatique et téléphonie;Gros électroménager,Réparation,Je collecte et je vends,Zone artisanale des Alleux,Taden,22 - Côtes-d'Armor,"Nationale, y compris DROM COM",https://www.cordongroup.com/,"Groupe industriel français couvrant la gestion du cycle de vie des produits électroniques, de la réparation et rénovation jusqu’au recyclage.",N.C. publiquement,48.46254,-2.75501,SPARE — vérifié 12/03/2026
Reborn / Reborn Plastics,Entreprise conventionnelle,,79462246400012,,Collecte,Je collecte,30 rue de Lubeck,Paris,75 - Paris,"Nationale, y compris DROM COM",https://www.rebornplastics.com/,"Groupe français spécialisé dans le recyclage de films plastiques d’emballage et la production de films plastiques 100 % recyclés, à forte intensité carbone réduit, intégrant la collecte, le recyclage et la fabrication de films recyclés.",N.C. publiquement,48.86544,2.35623,SPARE — vérifié 12/03/2026
Dipli,Entreprise conventionnelle,Informatique,82269048300026,Matériel informatique et téléphonie,Réparation;Collecte;Distribution,Je collecte et je vends,130 rue Cardinet,Paris,75 - Paris,"Nationale, y compris DROM COM",https://www.dipli.com/,"Entreprise de l’ESS spécialisée dans la seconde vie des produits électroniques, avec une offre de reprise et de distribution B2B.",Médaille d'argent Ecovadis,48.85737,2.3608,SPARE — vérifié 12/03/2026
EASYCASH,Entreprise conventionnelle,Informatique,43407560200053,Matériel informatique et téléphonie;Matériel de reprographie et d'impression,Reconditionnement;Collecte;Distribution,Je collecte et je vends,8 avenue Ariane,Mérignac,33 - Gironde,"Nationale, y compris DROM COM",https://www.easycash.fr/,"Enseigne de reprise et de revente de produits high‑tech d’occasion et reconditionnés, avec magasins physiques en France et une offre orientée smartphone reconditionné, tablettes et PC portables à prix réduit.",N.C. publiquement,44.84401,-0.6482,SPARE — vérifié 12/03/2026
Ecodair,Secteur de l'ESS,Informatique,49414141900015,Matériel informatique et téléphonie,Reconditionnement;Réparation;Collecte;Distribution,Je collecte et je vends,73 rue de l’Évangile,Paris,75 - Paris,"Nationale, y compris DROM COM",https://www.ecodair.com/,Reconditionneur informatique à forte mission sociale ; fournit du matériel reconditionné et gère la fin de vie des parcs en conformité RGPD et D3E.,ESUS ; Global Compact France ; Silver Partner de Blancco ; ISO 9001 et ISO 14 001,48.86739,2.35239,SPARE — vérifié 12/03/2026
ECOMICRO,Entreprise conventionnelle,Informatique,40995791700068,Matériel informatique et téléphonie;Matériel de reprographie et d'impression,Reconditionnement;Collecte,Je collecte et je vends,3 Avenue de l’Escart,Saint‑Loubès,33 - Gironde,"Nationale, y compris DROM COM",https://www.ecomicro.fr/,"Acteur local historique du recyclage et du reconditionnement informatique, spécialisé dans la collecte, le reconditionnement, le recyclage et la valorisation de matériel informatique et électronique en Nouvelle‑Aquitaine pour entreprises, associations et particuliers.","Statut ESS, Label ESUS, en contrat avec les éco-organismes Ecosystem & EcoLogic",44.87369,-0.52271,SPARE — vérifié 12/03/2026
ECONOCOM,Entreprise conventionnelle,Informatique,32696677700160,Matériel informatique et téléphonie,Reconditionnement;Collecte,Je collecte et je vends,"11 square Léon Blum, 92800",Puteaux,92 - Hauts-de-Seine,"Nationale, y compris DROM COM",https://www.econocom.com/fr,"Groupe privé de services numériques qui accompagne ses clients dans la gestion durable du cycle de vie de leurs équipements IT, via la reprise de parcs, le reconditionnement (Econocom Factory) et le recyclage.","EcoVadis (strategy level), ISO 14001 / démarche RSE du groupe",48.89355,2.23197,SPARE — vérifié 12/03/2026
Econocom Factory,Entreprise conventionnelle,Informatique,53873905300014,Matériel informatique et téléphonie,Reconditionnement;Réparation;Distribution,Je vends,"5 rue des Orgueillous, ZAE Les Avants",Saint-Mathieu-de-Tréviers,34 - Hérault,"Nationale, y compris DROM COM",https://shop.econocomfactory.com/,"Offre professionnelle de matériel informatique reconditionné en France, avec personnalisation, logistique et délais adaptés.","ISO 14001, SGS Qualicert, RECQ Reconditionné de Qualité, EcoVadis Platinum",43.5716,3.90299,SPARE — vérifié 12/03/2026
KOESIO GROUPE,Entreprise conventionnelle,Informatique,43035549500028,Matériel informatique et téléphonie,Reconditionnement;Distribution,Je collecte et je vends,"53 Avenue des Langories, 26000",Valence,26 - Drôme,Hexagone uniquement,https://koesio.com/le-groupe/demarche-rse/notre-engagement-pour-la-planete/eole/,"Bras du groupe Koesio dédié à la réutilisation et au recyclage de matériel informatique et de téléphonie, permettant de donner une seconde vie à des équipements professionnels dans une logique d’économie circulaire.",N.C. publiquement,44.93171,4.91888,SPARE — vérifié 12/03/2026
IBB Solutions,Entreprise conventionnelle,Informatique,52486750400028,Matériel informatique et téléphonie;Matériel de reprographie et d'impression,Reconditionnement;Collecte;Distribution,Je collecte et je vends,1 Boulevard Charles de Gaulle,Colombes,92 - Hauts-de-Seine,Hexagone uniquement,https://www.ibbsolutions.fr/,"Broker informatique éco‑responsable spécialisé dans la gestion de DEEE et la valorisation de parcs informatiques et bureautiques (PC, portables, serveurs, smartphones, imprimantes), avec reprise sur site et revente de matériel de seconde main.",N.C. publiquement,48.92667,2.26683,SPARE — vérifié 12/03/2026
Ingram Micro Services / Lifecycle,Entreprise conventionnelle,Informatique,53469058100028,Matériel informatique et téléphonie;Consommables d'impression,Reconditionnement;Réparation;Collecte,Je collecte,"16 Rue Joseph Cugnot, Z.I. de Bracheux",Beauvais,60 - Oise,"Nationale, y compris DROM COM",https://www.ingrammicro.com/fr-fr/solutions/lifecycle,"Division spécialisée dans la gestion du cycle de vie des équipements technologiques (retour, réparation, reconditionnement, remarketing, fin de vie) pour opérateurs, assureurs, ESN, distributeurs et entreprises, au service de l’économie circulaire IT et de la réduction de l’empreinte carbone.","ISO 9001, 14001, 45001, 27001, TAPA‑A sur les centres français (Beauvais, Brive, etc.)",49.43686,2.08286,SPARE — vérifié 12/03/2026
Itancia,Entreprise conventionnelle,Informatique,43306197500036,Matériel informatique et téléphonie,Reconditionnement;Réparation;Collecte,Je collecte et je vends,69 rue Thomas Lemaître,Nanterre,92 - Hauts-de-Seine,"Nationale, y compris DROM COM",https://itancia.com/,"Pionnier français de la seconde vie des équipements technologiques, avec centres de reconditionnement en France et maîtrise du cycle de vie complet.","ISO 9001, 14001, 45001, 50001 ; ISO 26000 ; Qualiopi ; Qualicert reconditionnement Smartphones & PCs ; EcoVadis Gold 2026",48.9067,2.20309,SPARE — vérifié 12/03/2026
ITP TECHNOLOGIE,Entreprise conventionnelle,Informatique,79340339500049,Matériel informatique et téléphonie,Reconditionnement;Réparation;Distribution,Je collecte et je vends,104 bis Chemin de Croix Benite,Toulouse,31 - Haute-Garonne,"Nationale, y compris DROM COM",https://www.itp-technologie.com/,"Spécialiste de la réparation et du reconditionnement de smartphones, tablettes et certains appareils numériques, positionné comme grossiste B2B en téléphones reconditionnés avec traçabilité et garantie 12 mois, basé à Toulouse depuis 2013.",N.C. publiquement,43.59488,1.43936,SPARE — vérifié 12/03/2026
Keeep,Entreprise conventionnelle,Informatique,89863246800036,Matériel informatique et téléphonie,Distribution,Je vends,4B rue dumont d'Urville,Marseille,13 - Bouches-du-Rhône,Hexagone uniquement,https://www.keeep.eu,Distribution de matériel informatique reconditionné à destination des professionnels,,43.27133,5.38542,Référencement — validé 16/09/2026
Komaks France (KOMAKS),Entreprise conventionnelle,Informatique,48924915100056,Matériel informatique et téléphonie;Matériel de reprographie et d'impression;Consommables d'impression,Reconditionnement;Réparation;Collecte;Distribution,Je collecte et je vends,17 rue Paul Cazeneuve,Lyon,69 - Rhône,"Nationale, y compris DROM COM",https://www.komaks.fr/,"Grossiste et exportateur d’équipements bureautiques et informatiques neufs ou d’occasion, spécialisé dans le reconditionnement et la réutilisation de matériels d’impression et informatique (photocopieurs, imprimantes, ordinateurs, baies serveurs, consommables) pour une remise en usage en France et à l’international.",N.C. publiquement,45.74121,4.84272,SPARE — vérifié 12/03/2026
Largo,Entreprise conventionnelle,Informatique,82117357200024,Matériel informatique et téléphonie,Reconditionnement;Réparation;Distribution,Je vends,4 rue Jean Mermoz,Sainte-Luce-sur-Loire,44 - Loire-Atlantique,"Nationale, y compris DROM COM",https://www.largo.fr/,Reconditionneur français internalisé à Sainte-Luce-sur-Loire ; 37 points de contrôle par appareil et garantie commerciale de 24 mois.,N.C. publiquement,47.22981,-1.49443,SPARE — vérifié 12/03/2026
LE GSM,Entreprise conventionnelle,Informatique,85235092500024,Matériel informatique et téléphonie,Reconditionnement;Réparation;Collecte;Distribution,Je collecte et je vends,6 RUE JULES VANZUPPE,Ivry-sur-Seine,94 - Val-de-Marne,"Nationale, y compris DROM COM",https://legsm.com/,"Acteur historique français du reconditionnement d’appareils électroniques (smartphones, PC, tablettes, smartwatches), collectant les produits d’opérateurs, distributeurs et particuliers pour leur donner une seconde vie via ses ateliers de reconditionnement en France.",N.C. publiquement,48.82076,2.37906,SPARE — vérifié 12/03/2026
Okamac (Sens Technologies),Entreprise conventionnelle,Informatique,83445365600094,Matériel informatique et téléphonie,Reconditionnement;Réparation;Collecte;Distribution,Je collecte et je vends,4 rue de la Forgerie,Verrières-en-Anjou,49 - Maine-et-Loire,"Nationale, y compris DROM COM",https://pro.okamac.com/,"Leader français des Mac reconditionnés pour les professionnels ; offre 360° achat, location, reprise et réparation depuis l’Anjou.",La French Tech 2030,47.48469,-0.57361,SPARE — vérifié 12/03/2026
Olinn IT,Secteur du handicap,Informatique,50864283200036,Matériel informatique et téléphonie;Consommables d'impression,Collecte;Distribution,Je collecte et je vends,"590 rue du Roucagnier, ZAC du Roucagnier",Lunel-Viel,34 - Hérault,"Nationale, y compris DROM COM",https://olinn.eu/,"Entreprise adaptée positionnée sur la gestion de fin d’usage et le réemploi des parcs IT et de téléphonie, avec activités de distribution et de SAV.",Entreprise adaptée,43.6372,3.91168,SPARE — vérifié 12/03/2026
Orange - programme RE/ reconditionné,Entreprise conventionnelle,Informatique,38012986648625,Matériel informatique et téléphonie,Reconditionnement;Collecte;Distribution,Je collecte et je vends,"""Collecte et reprise de smartphones via « Orange Reprise », programme RE (Recyclage, Reconditionné, Réparation, Reprise), partenariats avec reconditionneurs, vente de mobiles reconditionnés via la boutique Orange (B2C) et Boutique Pro (B2B), offres de location et reconditionnement (Mobile Leasing / Circular Mobility) pour flottes d’entreprises, mise en avant de la garantie 24 mois et du label RecQ pour les téléphones reconditionnés Orange.""",Paris,75 - Paris,Hexagone uniquement,https://boutique.orange.fr/mobile/mobiles-et-smartphones?status=reconditionne,"Opérateur télécom français, acteur majeur de la reprise et de la distribution de smartphones reconditionnés en France via son programme RE et sa boutique, en partenariat avec des reconditionneurs exogènes (Itancia, Cordon, Recommerce, Renewd, etc.).",Label RecQ pour smartphone reconditionné,48.8441,2.35854,SPARE — vérifié 12/03/2026
PLURIUM TECHNOLOGIES,Entreprise conventionnelle,Informatique,42453163000046,Matériel informatique et téléphonie,Reconditionnement;Collecte;Distribution,Je collecte et je vends,"1555 avenue de la PLAINE, CS1320, 06251",Mougins (siège commercial France),06 - Alpes-Maritimes,"Nationale, y compris DROM COM",https://www.plurium.com/fr/accueil/,"Groupe international spécialisé dans la remise à neuf et la revente de matériel de télécommunications et serveurs, ainsi que dans la gestion de cycle de vie d’actifs IT (reprise, reconditionnement, recyclage, destruction sécurisée), destiné aux opérateurs, datacenters, fournisseurs de services et grandes entreprises.",ISO 14001 (traçable sur la page de rachat / recyclage),43.70088,7.32615,SPARE — vérifié 12/03/2026
Printerrea (marque Printerre),Secteur du handicap,Informatique,75377852100066,Matériel informatique et téléphonie;Matériel de reprographie et d'impression;Consommables d'impression,Reconditionnement;Collecte;Distribution,Je collecte et je vends,2 boulevard de l’Industrie,Vernouillet,28 - Eure-et-Loir,"Nationale, y compris DROM COM",https://www.printerre.fr/,"Entreprise adaptée disposant d’un centre ITAD et d’une offre dédiée aux marchés publics sur l’IT, l’impression et la collecte de consommables.",ISO 9001 ; ISO 14001 ; ISO 26000 ; Label RECQ ; Coq vert ; Coq bleu ; France 2030,48.43622,1.48259,SPARE — vérifié 12/03/2026
PRS – Phone Recycle Solution,Entreprise conventionnelle,Informatique,83100884200021,Matériel informatique et téléphonie,Reconditionnement;Réparation;Collecte;Distribution,Je collecte et je vends,189 rue d’Aubervilliers,Paris,75 - Paris,"Nationale, y compris DROM COM",https://fr.phonerecyclesolution.com/,"Référence européenne du reconditionnement de smartphones et appareils high‑tech, rachetant des téléphones usagés auprès d’opérateurs internationaux, les reconditionnant dans ses ateliers parisiens puis les revendant à des distributeurs, opérateurs et commerçants professionnels européens.",Double certification Service France Garanti (activité et SAV) par AFNOR,48.85765,2.36075,SPARE — vérifié 12/03/2026
Qualimobile (DRJL),Entreprise conventionnelle,Informatique,95198058000033,Matériel informatique et téléphonie,Reconditionnement;Distribution,Je vends,18 rue Edison,Montgermont,35 - Ille-et-Vilaine,"Nationale, y compris DROM COM",https://qualimobile.com/,"Spécialiste des smartphones reconditionnés orienté besoins professionnels, avec plus de 30 points de contrôle et batterie garantie à 85% minimum.",N.C. publiquement (tests Phonecheck mentionnés),48.1408,-1.6541,SPARE — vérifié 12/03/2026
RECYCLEA,Secteur de l'ESS;Secteur du handicap,Informatique,52033586000026,Matériel informatique et téléphonie,Réparation;Reconditionnement;Nettoyage ou lavage;Collecte;Distribution,Je collecte et je vends,Rue Michel Faye,Domerat,03 - Allier,Nationale,https://www.recyclea.com/,"Recyclea, Entreprise Adaptée, spécialisée dans le réemploi et la valorisation de matériels IT depuis plus de 15 ans. Acteur engagé de l’économie circulaire, Recyclea accompagne les organisations dans la gestion responsable de leur parc IT, en prolongeant la durée de vie des équipements et en réduisant leur impact environnemental. Recyclea assure une prise en charge globale: collecte, inventaire, audit, effacement de données sécurisé, traçabilité complète des équipements, rachat de parc, réparation, SAV, masterisation, recyclage ... Au-delà du réemploi, Recyclea a développé un centre de services intégrant des activités de Service Desk et de Procurement, permettant d’offrir une prise en charge complète des besoins IT de ses clients. Portée par une forte mission sociale, Recyclea favorise l’inclusion professionnelle des personnes en situation de handicap, en leur offrant un environnement de travail adapté, valorisant et durable.",ISO 9001;ISO 14001;ISO 45001;Weelabex;ESUS;Ecovadis,46.37343,2.58543,Référencement — validé 16/09/2026
RESTORE PHONE,Entreprise conventionnelle,Informatique,75075536500046,Matériel informatique et téléphonie,Reconditionnement;Réparation;Collecte;Distribution,Je collecte et je vends,"120 rue Maryse Bastié, Zac des Marcerolles",Bourg‑les‑Valence,26 - Drôme,"Nationale, y compris DROM COM",https://restorephone.fr,"Enseigne de reconditionnement et réparation de smartphones et tablettes, actif en magasin et en ligne, proposant la vente de mobiles reconditionnés (plusieurs grades) et la reprise d’anciens appareils pour une seconde vie technologique.",N.C. publiquement,44.91871,4.9444,SPARE — vérifié 12/03/2026
RIGBY CAPITAL,Entreprise conventionnelle,Informatique,42498243700024,Matériel informatique et téléphonie,Reconditionnement;Collecte,Je collecte,91 rue Salvador Allende,Nanterre,92 - Hauts-de-Seine,"Nationale, y compris DROM COM",https://www.rigbycapital.com/fr/,"Spécialiste du financement et de la gestion d’actifs technologiques (IT, médicaux, industriels), proposant des solutions de location, reprise en lease‑back et parcours de fin de vie incluant réemploi et recyclage d’équipements informatiques et électroniques.",Labels AFNOR Excellence et EcoVadis Platinum pour SCC (mère de rigby Capital),48.89552,2.20118,SPARE — vérifié 12/03/2026
ENVIE Strasbourg,Secteur de l'insertion;Secteur de l'ESS,Informatique;Électroménager,33054217600046,Matériel informatique et téléphonie;Gros électroménager,Réparation;Reconditionnement;Upcycling;Distribution,Je collecte et je vends,6 rue Herrade,Strasbourg,67 - Bas-Rhin,Départementale,http://www.envie-strasbourg.org,"Envie est une association qui propose de la vente, de la réparation et de la location d'appareils électroménagers et high tech",Qualirepar,48.58352,7.71742,Référencement — validé 16/09/2026
ENVIE MO,Secteur de l'insertion;Secteur de l'ESS,Électroménager,41227985300011,Gros électroménager,Réparation;Reconditionnement;Nettoyage ou lavage;Collecte,Je collecte et je vends,6 rue Pierre et Marie Curie,GERZAT,63 - Puy-de-Dôme,Départementale,https://auvergne.envie.org/,"ENVIE MO est une entreprise d’insertion qui forme et accompagne vers l’emploi des personnes en difficulté. Nous proposons la réparation, la vente d’électroménagers reconditionnés garantis 2 ans et de pièces détachées, alliant impact social et économie circulaire.",Qualirepar,45.81588,3.14698,Référencement — validé 16/09/2026
ENVIE CHARENTE MARITIME,Secteur de l'insertion;Secteur de l'ESS,Informatique;Électroménager,84425570300010,Matériel informatique et téléphonie;Gros électroménager,Réparation;Reconditionnement;Nettoyage ou lavage;Collecte;Distribution,Je collecte et je vends,12 - 14 AV LOUIS LUMIERE,perigny,17 - Charente-Maritime,Départementale,https://charente-maritime.envie.org,Structure d'accompagnement au changement via le reconditionnement et réparation- la logistique et la gestion de déchets - prestations se services et sous traitance - Support d'activités pour un public en transition,Qualirepar,46.16174,-1.10451,Référencement — validé 16/09/2026
ENVIE PAU,Secteur de l'insertion;Secteur de l'ESS,Informatique;Électroménager,52832236500016,Matériel informatique et téléphonie;Gros électroménager,Réparation;Reconditionnement,Je collecte et je vends,5 chemin des 3 PONTS,LESCAR,64 - Pyrénées-Atlantiques,Départementale,https://pau.envie.org,Structure de l'insertion par l'activité économique dont le coeur de métier est la collecte et le réemploi de produits éléctroménagers,Qualirepar,43.32426,-0.44086,Référencement — validé 16/09/2026
ENVIE DROME ARDECHE,Secteur de l'insertion;Secteur de l'ESS,Électroménager,89225665200017,Gros électroménager,Réparation;Reconditionnement;Nettoyage ou lavage;Collecte;Distribution,Je collecte et je vends,10 Rue André Malraux,Montélimar,26 - Drôme,Départementale,https://montelimar.envie.org/,Rénovation et réparation d'électroménagers garantis. Entreprise d'insertion.,Qualirepar,44.56974,4.74115,Référencement — validé 16/09/2026
ENVIE Dijon,Secteur de l'insertion;Secteur de l'ESS,Électroménager,39239622200045,Gros électroménager,Réparation;Reconditionnement,Je collecte et je vends,4 rue de Romelet,LONGVIC,21 - Côte-d'Or,Régionale,https://dijon.envie.org,"ENVIE Dijon reconditionne depuis plus de 30 ans du gros électroménager (lavage, froid, cuisson). Nous proposons également de manière régulière du petit électroménager (machines expresso, micro-ondes, ventilateurs...).",Qualirepar,47.28748,5.0403,Référencement — validé 16/09/2026
Envie Nord,Secteur de l'ESS;Secteur de l'insertion,Électroménager,38340754100077,Gros électroménager,Réparation;Reconditionnement;Collecte;Distribution,Je collecte et je vends,3 chemin de Bois bernard,Hénin-Beaumont,62 - Pas-de-Calais,Régionale,https://envienord.fr/,"Envie Nord est une entreprise d’insertion spécialisée dans le reconditionnement et la réparation d’appareils électroménagers. Notre mission est double : favoriser le retour à l’emploi de personnes en parcours d’insertion tout en donnant une seconde vie aux équipements électriques et électroniques.  Nous disposons d’un atelier de 3 000 m², conçu pour répondre aux besoins des entreprises comme des particuliers. Nous y réalisons des prestations de service pour nos partenaires professionnels, notamment le tri, le contrôle, le diagnostic, la réparation, le reconditionnement et la préparation logistique d’appareils électroménagers.  Les équipements remis en état sont ensuite proposés à la vente dans nos magasins, offrant une alternative fiable, économique et durable au neuf. Chaque appareil reconditionné contribue à réduire les déchets, préserver les ressources et limiter l’empreinte environnementale.  Envie Nord s’inscrit dans le réseau Envie Nord, acteur reconnu de l’économie sociale et solidaire, qui allie performance économique, impact social et engagement environnemental. En accompagnant des salariés vers un emploi durable tout en développant une activité au service de l’économie circulaire, Envie Nord démontre qu’il est possible de concilier utilité sociale, qualité de service et transition écologique.",,50.38688,2.96493,Référencement — validé 16/09/2026
Corecylage,Secteur de l'ESS,Informatique;Mobilier;Électroménager,79500991900023,Matériel informatique et téléphonie;Mobilier et aménagement d'intérieur;Gros électroménager,Réparation;Reconditionnement;Nettoyage ou lavage;Upcycling;Distribution,Je collecte et je vends,24 rue Léon Frot,Paris,75 - Paris,Hexagone uniquement,https://www.corecyclage.fr,"Depuis 2013 leader du réemploi de mobilier et d'équipements professionnels, avec des outils numériques innovants et un accompagnement terrain de A à Z.",ESUS,48.85455,2.3877,Référencement — validé 16/09/2026
Envie 35,Secteur de l'ESS;Secteur de l'insertion,Informatique;Électroménager,39300820600020,Matériel informatique et téléphonie;Matériel de reprographie et d'impression;Gros électroménager,Réparation;Reconditionnement;Nettoyage ou lavage;Collecte,Je collecte et je vends,18 rue de la donelière,Rennes,35 - Ille-et-Vilaine,Régionale,https://ressources-t.org/,"Le groupe Ressources T, et l'ensemble de ses filiales Envie Bretagne, est un acteur majeur de l’économie circulaire, sociale et solidaire depuis 30 ans ! Nous accompagnons les personnes éloignées du monde du travail en leur proposant un parcours professionnel individualisé sur des métiers au service des transitions écologiques",ISO 9001;ISO 14001;ISO 450001;Qualirepar,48.13025,-1.68678,Référencement — validé 16/09/2026
ANCRE,Secteur de l'insertion;Secteur de l'ESS,Textile,38983844200041,Textiles,Réparation;Nettoyage ou lavage;Collecte;Distribution,Je collecte et je vends,2 rue de Clastres,Saint-Paul-Trois-Châteaux,26 - Drôme,Départementale,https://www.ancre.asso.fr,"Le Groupe Economique Solidaire ANCRE porte une ressourcerie mais travaille également sur un projet mutualié de tri, réemploi et recyclage du textile en sud-Rhône-Alpes.",,44.34696,4.76067,Référencement — validé 16/09/2026
LENZI,Entreprise conventionnelle,Mobilier,37914057700030,Mobilier urbain,Réparation;Reconditionnement;Distribution,Je vends,ZI LES NARRONS,ARGENTON SUR CREUSE,36 - Indre,Nationale,https://www.lenzi.fr/,"LENZI est un fabricant d'éclairage public spécialisé dans les luminaire de style à destination des centres villes, bourgs et lieux historiques. Lenzi s'est également spécialisé dans le retrofit permettant la transition vers la LED tout en conservant le luminaire en place. Lenzi a un savoir-faire également dans la rénovation des lanternes et supports d'éclairage public.",ISO 9001;Entreprise du Patrimoine Vivant,46.5733,1.50272,Référencement — validé 16/09/2026
ENVIE en LORRAINE,Secteur de l'insertion;Secteur de l'ESS,Électroménager,38754916500034,Gros électroménager,Réparation;Reconditionnement;Collecte;Distribution,Je collecte et je vends,5 rue Guilbert de Pixérécourt,Nancy,54 - Meurthe-et-Moselle,Départementale,https://lorraine.envie.org/,"Nous proposons une offre de gros électroménager d'usage domestique reconditionné, et de matériel médical (aides techniques) reconditionné",Qualirepar;Weelabex,48.69904,6.19073,Référencement — validé 16/09/2026
Ragni,Entreprise conventionnelle,Mobilier,30327547300013,Mobilier urbain,Réparation;Reconditionnement,Je collecte et je vends,"Chemin du vallon des Vaux, Le gueirard",Cagnes sur mer,06 - Alpes-Maritimes,Nationale,https://www.ragni.com/,"Concepteur et fabricant de solutions d'éclairage public, nous proposons une offre de rétrofit qui permet le réemploi de la carcasse du luminaire en ne remplaçant que la source lumineuse. Nous réalisons également le reconditionnement de luminaire sur demande, sous réserve de faisabilité technique.",ISO 9001;Entreprise du Patrimoine Vivant;Entreprise à mission,43.67871,7.15828,Référencement — validé 16/09/2026
CAZENAVE PIECES AUTO,Entreprise conventionnelle,Automobile,48746936300013,Véhicules et pièces détachées,Collecte;Distribution,Je collecte et je vends,23 chemin de la Nasque,Colomiers,31 - Haute-Garonne,Régionale,https://www.cazenave.net,"Cazenave Pièces Auto : spécialiste de la pièce auto d'occasion depuis 1974, acteur engagé de l'économie circulaire et du réemploi, alliant traçabilité, qualité et démarche RSE.",Qualicert,43.59923,1.31289,Référencement — validé 16/09/2026
SAS GIZZI DEMOLITION,Entreprise conventionnelle,Automobile,54020030000023,Véhicules et pièces détachées,Reconditionnement,Je collecte et je vends,590 AVENUE PHILIPPE LAMOUR,BEAUCAIRE,30 - Gard,Régionale,https://www.gizzidemolition.com,"GIZZI DEMOLITION est un centre VHU agréé, spécialisé dans la prise en charge, la dépollution, le démontage et le recyclage des véhicules hors d'usage. Nous assurons un traitement conforme à la réglementation en vigueur, dans le respect des normes environnementales. Notre mission est de valoriser un maximum de PIEC et de garantir une gestion responsable de la fin de vie des véhicules, tout en proposant un service fiable et professionnel aux particuliers comme aux professionnels.",Qualicert,43.78587,4.63502,Référencement — validé 16/09/2026
ALLO CASSE AUTO,Entreprise conventionnelle,Automobile,78651039600033,Engins de transport et pièces détachées;Véhicules et pièces détachées,Réparation;Distribution,Je collecte et je vends,37 QUAI DE L INDUSTRIE,ATHIS MONS,91 - Essonne,Hexagone uniquement,https://allocasseauto.com,"Recycleur automobile, fournisseur de pièces automobile issues de l'économie circulaire",Qualicert,48.70137,2.39852,Référencement — validé 16/09/2026
SURPLUS AUTOS 13,Entreprise conventionnelle,Automobile,63728016500050,Véhicules et pièces détachées,Collecte;Distribution,Je collecte et je vends,37 avenue  de Bruxelles 13127,vitrolles,13 - Bouches-du-Rhône,Hexagone uniquement,https://www.surplusautos13.fr,"Société familiale spécialisée depuis plus de 60 ans,  dans le recylclage automobile,  la vente de pièces détachées automobiles d'occasions et la vente de vehicules accidentés pour les professionnels . Notre slogan: Surplus Autos 13, une Solution Responsable pour une automobile plus durable . Dans un secteur en pleine évolution, nous avons choisi de developper nos partenariats et valoriser les compétences de chacun de nos collaborateurs dans une optique innovante en faveur du respect des Hommes et de l’Environnement .",Qualicert,43.42691,5.23742,Référencement — validé 16/09/2026
MAINTRONIC,Entreprise conventionnelle,Informatique,96750494500338,Matériel informatique et téléphonie,Réparation,Je collecte et je vends,155 Route de Grenoble,SAINT PRIEST,69 - Rhône,Hexagone uniquement,https://www.maintronic.fr,"Maintronic est spécialisée dans la réparation de matériel informatique et le geste de proximité IT. Maintronic est partenaire et agrée des principaux constructeurs comme APPLE, EPSON, HP, DELL, LENOVO pour réparer leurs produits en Atelier ou sur site. Maintronic s’appuie sur ses 16 centres de services pour proposer un service de proximité.",ISO 9001;Qualirepar,45.71117,4.97491,Référencement — validé 16/09/2026
N7 AUTO PIECES,Entreprise conventionnelle,Automobile,42864547700038,Véhicules et pièces détachées,Collecte;Distribution,Je collecte et je vends,30 Route de Paris,Avermes,03 - Allier,Hexagone uniquement,https://www.n7-autopieces.com/,"Centre VHU, Allier (03), traitement et recyclage des véhicules hors d'usage, vente de pièces de réemploi garanties 24 mois, 100 000 pièces référencées et digitalisées en stock, entreprise familiale.",Qualicert;Ecovadis,46.58527,3.31759,Référencement — validé 16/09/2026
GROUPE COOPERATIF DEMAIN,Secteur de l'insertion;Secteur de l'ESS,Informatique;Mobilier;Sport & loisirs;Équipements techniques;Électroménager,38942662800126,Matériel informatique et téléphonie;Matériel de reprographie et d'impression;Consommables d'impression;Fournitures de bureau;Mobilier et aménagement d'intérieur;Equipements de collecte de déchets;Articles et équipements sportifs;Matériel d'entretien des espaces verts;Gros électroménager,Réparation;Reconditionnement;Nettoyage ou lavage;Collecte;Distribution,Je collecte et je vends,900 Rue Blaise Pascal,Lons-le-Saunier,39 - Jura,Régionale,https://www.groupe-demain.coop,GROUPE DEAMIN est un groupe coopératif avec 5 structures juridique,RSEi;Weelabex,46.67938,5.57703,Référencement — validé 16/09/2026
EBS LE RELAIS VAL DE SEINE,Secteur de l'insertion;Secteur de l'ESS,Textile;Mobilier,39380139400056,Textiles;Mobilier et aménagement d'intérieur,Réparation;Reconditionnement;Nettoyage ou lavage;Upcycling;Collecte,Je collecte et je vends,15 rue Panhard Levassor,CHANTELOUP LES VIGNES,78 - Yvelines,Hexagone uniquement,https://r-upcycling.org/,"Collecte et valorisation des textiles de seconde main : Sensibilisation, réparation, collecte, tri, upcycling, événement et teambuilding solidaires au  profit de l'insertion par l'activité économique",ESUS,48.96692,2.02831,Référencement — validé 16/09/2026
INDUSLUM,Entreprise conventionnelle,Mobilier,84977122500034,Mobilier et aménagement d'intérieur,Réparation;Reconditionnement;Upcycling,Je vends,ROUTE DU PUY ST BONNET,CHOLET,49 - Maine-et-Loire,Nationale,https://asled.fr/frabricant-francais-eclairage/,"atelier de fabrication 100 % français, dédié à la conception, la réparation, le rétrofit et à la production de solutions d’éclairage LED sur mesure. Située à Cholet, notre unité allie savoir-faire industriel, agilité technique et engagement pour une fabrication responsable et durable.",Origine France Garantie,47.00052,-0.89884,Référencement — validé 16/09/2026
Envie Trappes en Yvelines,Secteur de l'insertion;Secteur de l'ESS,Électroménager,75213900600015,Gros électroménager,Réparation;Reconditionnement;Distribution,Je collecte et je vends,17 avenue Roger Hennequin,TRAPPES,78 - Yvelines,Régionale,https://paris.idf.envie.org,"Envie Trappes est une entreprise d'insertion spécialisée dans le réemploi électroménager, qui intervinet sur le secteur géographique de l'ile de France. Elle emploie 40 personnes pour un chiffre d'affairesd'1,5M€",ESUS;Qualirepar,48.76667,1.99257,Référencement — validé 16/09/2026
ICARE,Entreprise conventionnelle,Informatique,52378530100012,Matériel informatique et téléphonie,Réparation;Reconditionnement,Je collecte et je vends,8 RUE DE LA CHAUSSEE D'ANTIN,Paris,75 - Paris,Nationale,https://centre-icare.fr/,Centre agréé Apple et Honor,Qualirepar;Certifications Apple/Honor,48.87168,2.33399,Référencement — validé 16/09/2026
SAS LADY COCOTTE - JOUGA,Secteur de l'ESS,Sport & loisirs,89997108900078,Jeux et jouets,Reconditionnement;Nettoyage ou lavage;Collecte;Distribution,Je collecte et je vends,5135 route d'Avignon,Aix en Provence,13 - Bouches-du-Rhône,Hexagone uniquement,https://www.jouga.fr,JOUGA est le spécialiste du réemploi de jouets et fournisseur de jouets d'occasion pour les professionnels et en particulier les distributeurs de la GSA et GSS. Plus de 130 magasins nous font confiance.,,43.57954,5.38042,Référencement — validé 16/09/2026
SAS Ekodrive,Entreprise conventionnelle,Automobile,93150256100018,Véhicules et pièces détachées,Reconditionnement;Distribution,Je vends,147 Route du Moulin,Lamasquère,31 - Haute-Garonne,Nationale,https://dr-rubber.fr,"Dr. Rubber reconditionne des pneus premium par vulcanisation à chaud. Une solution innovante, économique et durable, offrant des performances proches du neuf avec jusqu'à 40 % d'économie.",,43.48427,1.24127,Référencement — validé 16/09/2026
adopte un bureau,Secteur de l'ESS,Mobilier,81185501400056,Mobilier et aménagement d'intérieur,Réparation;Reconditionnement;Nettoyage ou lavage;Collecte;Distribution,Je collecte et je vends,1 avenue Francois Arago,ANTONY,92 - Hauts-de-Seine,Hexagone uniquement,https://www.adopteunbureau.fr/,Fabricant de mobilier de bureau reconditionné et reconditionneur pour apporter la dose de circularité nécessaire aux entreprises.,ESUS;FCBA,48.73712,2.30913,Référencement — validé 16/09/2026
Vesto,Secteur de l'ESS,Mobilier;Électroménager,88315976600020,Mobilier et aménagement d'intérieur;Gros électroménager,Reconditionnement,Je collecte et je vends,10 rue jean mermoz,Compans,77 - Seine-et-Marne,Nationale,https://vesto.fr/,"Vesto est un acteur industriel du reconditionnement spécialisé dans le matériel professionnel. Nous réemployons le matériel de restauration, le matériel médical et des éléments de l'univers de la construction (sanitaires, cables)",RECQ,48.99263,2.65015,Référencement — validé 16/09/2026
ASSO ERA,Secteur de l'insertion;Secteur de l'ESS,Électroménager,811346568,Gros électroménager,Réparation;Reconditionnement;Nettoyage ou lavage;Collecte;Distribution,Je collecte et je vends,10 Rue de Cronstadt,Lyon 07,69 - Rhône,Régionale,https://rhone.envie.org,"Asso ERA est une ESS regoupant les activités de collecte, réparation, réemploi et vente d'appareils électroménagers sur son territoire. Avec 3 magasins et 3 ateliers sur Grenoble St Etienne et Lyon, l'ASSO ERA réemploi et revend chaque année 10000 appareils électroménagers garantis 2 ans aux particuliers, collectivités et professionnels de Rhône Alpes.",Qualirepar,45.74076,4.84985,Référencement — validé 16/09/2026
Bluedigo,Secteur de l'ESS,Mobilier,93524967200020,Mobilier et aménagement d'intérieur,Réparation;Reconditionnement;Nettoyage ou lavage;Upcycling;Distribution,Je vends,5 passage Piver 75011 Paris,Paris,75 - Paris,Hexagone uniquement,https://bluedigo.fr/,"Bluedigo repense l'aménagement des espaces de travail durables, en revalorisant le mobilier existant (Revive) et en proposant du mobilier reconditionné ou neuf éco conçu via sa marketplace.",,48.87024,2.37465,Référencement — validé 16/09/2026
Valused,Entreprise conventionnelle,Automobile,90993072900019,Engins de transport et pièces détachées,Distribution,Je vends,15 rue Lemercier,Paris,75 - Paris,Nationale,https://www.valused.fr,Distributeur de pièces reconditionnés pour les pros de l’auto,,48.88592,2.32447,Référencement — validé 16/09/2026
ELISE Sud Francilien,Secteur de l'ESS;Secteur du handicap,Mobilier,80796669200038,Fournitures de bureau,Collecte;Distribution,Je collecte et je vends,69 rue Pierre et Marie Curie,Vaux le Pénil,77 - Seine-et-Marne,Régionale,https://www.elise.com.fr/les-sites-elise/melun/,"ELISE Sud Francilien collecte et trie des déchets de bureau en vue de recyclage. Pour un impact d'autant plus positif, nous proposons la collecte des fournitures de bureau (non recyclables) pour les remettre à disposition des associations et établissements scolaires locaux.",ESUS;Entreprise à Mission,48.53143,2.68827,Référencement — validé 16/09/2026
SEVE,Secteur de l'insertion;Secteur de l'ESS,Mobilier,98960003600010,Mobilier et aménagement d'intérieur,Réparation;Reconditionnement;Upcycling,Je collecte et je vends,11 RTE DE COMPIEGNE,POMMIERS,02 - Aisne,Hexagone uniquement,https://www.seve-mobilier.fr,"Réseau de trois manufactures de meubles design, circulaires et solidaires",ESUS,49.382,3.29671,Référencement — validé 16/09/2026
Second Cycle,Entreprise conventionnelle,Automobile;Sport & loisirs,89748744300011,Véhicules et pièces détachées;Articles et équipements sportifs,Reconditionnement;Distribution,Je collecte et je vends,40 rue Decomberousse,Villeurbanne,69 - Rhône,Hexagone uniquement,https://2ndcycle.fr,"Second Cycle, pionnier lyonnais de la circularité cyclable, reconditionne les flottes de vélos des collectivités et entreprises pour réduire leur impact et relocaliser les emplois.",,45.76145,4.91684,Référencement — validé 16/09/2026
greencouture,Secteur de l'insertion;Secteur de l'ESS,Textile,89467866300036,Textiles,Réparation;Upcycling,Je collecte et je vends,27 Rue Georges BESSE,CLERMONT FERRAND,63 - Puy-de-Dôme,Nationale,https://www.green-couture.com/,greencouture est un Atelier Chantier d’Insertion qui valorise les chutes textiles par l’upcycling et qui propose des goodies éco-responsable pour les entreprise sur mesure. greencouture accompagne des personnes éloignées de l’emploi vers une insertion durable.,ESUS,45.78464,3.13948,Référencement — validé 16/09/2026
Options Solutions,Entreprise conventionnelle,Emballages,90528962500014,Bocaux et flacons,Nettoyage ou lavage,Je collecte,1 chemin du bois des remises,Les Mureaux,78 - Yvelines,Hexagone uniquement,https://www.options-solutions.fr,"Options Solutions accompagne la transition vers le réemploi sur des secteurs exigeants, où la continuité d’exploitation et la maîtrise sanitaire sont clés. Que vous soyez une cuisine centrale, un industriel agroalimentaire ou un acteur de la distribution, nous opérons une boucle de réemploi complète : collecte, lavage industriel, contrôles sanitaires, traçabilité et logisitique.",ISO 9001;ISO 22000,48.98849,1.925,Référencement — validé 16/09/2026
Ricoh Industrie France,Entreprise conventionnelle,Informatique,34109573500021,Matériel de reprographie et d'impression;Consommables d'impression,Réparation;Reconditionnement;Collecte,Je collecte et je vends,"144, route de Rouffach",WETTOLSHEIM,68 - Haut-Rhin,Nationale,https://www.ricoh-thermal.com/fr/,"Ricoh Industrie France, implantée à Wettolsheim près de Colmar depuis 1987, est l’une des 200 filiales du groupe japonais Ricoh, acteur mondial de référence dans les domaines de l’impression, des services numériques et de la gestion documentaire. Pionnier de l’économie circulaire, le site alsacien développe depuis 1996 des activités de réparation, de reconditionnement et de remanufacturing. Spécialisé dans les produits électroniques multimarques à forte valeur technologique, il contribue à prolonger leur durée de vie, à favoriser leur réemploi et à réduire leur impact environnemental. Chaque équipement est traité selon des processus industriels rigoureux garantissant qualité, fiabilité, performance et traçabilité. L'engagement  de Ricoh Industrie France est reconnu par de nombreuses certifications et distinctions : norme BS 8887-220 pour les activités de remanufacturing, label Service France Garanti, label Solar Impulse Efficient Solution, certifications ISO 9001, ISO 14001 et ISO 50001, statut d’Opérateur Économique Agréé (OEA) et label Entreprise engagée pour la nature.",ISO 9001;ISO 14001;ISO 50001;Label Biodiversité pour tous;Label Fondation Solar Impulse;Certifié Service France Garanti;Certifiée BS 8887-220:2010 (remanufacturing);Opérateur Économique Agréé (OEA),48.04903,7.32469,Référencement — validé 16/09/2026
